<?xml version="1.0" encoding="UTF-8" standalone="yes" ?><cp:coreProperties xmlns:cp="http://schemas.openxmlformats.org/package/2006/metadata/core-properties" xmlns:dc="http://purl.org/dc/elements/1.1/" xmlns:dcmitype="http://purl.org/dc/dcmitype/" xmlns:dcterms="http://purl.org/dc/terms/" xmlns:xsi="http://www.w3.org/2001/XMLSchema-instance"><cp:category>Model</cp:category><dcterms:created xsi:type="dcterms:W3CDTF">2015-02-02T13:57:56Z</dcterms:created><dc:creator>mclab</dc:creator><dc:description></dc:description><cp:lastModifiedBy>MCLab</cp:lastModifiedBy><dcterms:modified xsi:type="dcterms:W3CDTF">2019-02-23T11:40:55Z</dcterms:modified><cp:revision>1.79</cp:revision><cp:version>R2016b</cp:version></cp:coreProperties>